"id","clinic_visits","survival_months","event"
1,10,9.6,1
2,7,4.1,1
3,2,4.6,1
4,6,24,0
5,2,24,0
6,6,24,0
7,4,24,0
8,1,24,0
9,1,6.9,1
10,3,22.1,1
11,6,24,0
12,3,5.1,1
13,0,24,0
14,2,21.2,1
15,5,5.1,1
16,2,24,0
17,7,7.1,1
18,6,3.8,1
19,2,24,0
20,0,24,0
21,0,12.8,1
22,3,24,0
23,20,23.5,1
24,3,16.8,1
25,3,19,1
26,2,24,0
27,0,14.5,1
28,5,8.8,1
29,2,24,0
30,1,17.3,1
31,1,24,0
32,5,24,0
33,5,6.7,1
34,3,1.8,1
35,3,12.6,1
36,2,4.9,1
37,1,24,0
38,8,6.3,1
39,3,24,0
40,3,24,0
41,1,2,1
42,6,0.4,1
43,1,7.4,1
44,2,24,0
45,1,5.8,1
46,0,24,0
47,0,24,0
48,6,23.8,1
49,7,11.8,1
50,5,24,0
51,3,24,0
52,5,24,0
53,2,14.6,1
54,4,16,1
55,1,24,0
56,4,7.8,1
57,9,8,1
58,12,3.9,1
59,5,7.5,1
60,2,9.6,1
61,3,24,0
62,6,2.6,1
63,1,24,0
64,7,5.7,1
65,4,20.6,1
66,2,10.6,1
67,3,24,0
68,2,24,0
69,3,24,0
70,3,6,1
71,0,24,0
72,0,18.8,1
73,1,23.6,1
74,0,24,0
75,7,24,0
76,1,5.1,1
77,2,4.1,1
78,2,4.4,1
79,2,5.8,1
80,0,24,0
81,2,16.2,1
82,2,24,0
83,5,13.1,1
84,1,24,0
85,5,9.5,1
86,4,9.2,1
87,6,11.4,1
88,0,13.9,1
89,6,3.8,1
90,3,24,0
91,5,3.3,1
92,0,2.9,1
93,1,12.9,1
94,4,6.1,1
95,0,24,0
96,9,24,0
97,6,9.4,1
98,1,24,0
99,4,24,0
100,4,9.5,1
101,0,17.3,1
102,9,24,0
103,5,0.9,1
104,13,24,0
105,1,3.8,1
106,2,15.2,1
107,0,24,0
108,3,24,0
109,0,24,0
110,11,24,0
111,11,22.2,1
112,10,12.7,1
113,5,1.1,1
114,1,14.1,1
115,1,24,0
116,1,16.8,1
117,1,24,0
118,1,16.8,1
119,1,24,0
120,2,5.2,1
121,1,16.9,1
122,9,12.1,1
123,3,24,0
124,0,8.8,1
125,3,24,0
126,1,15.9,1
127,1,1.9,1
128,4,24,0
129,0,4.5,1
130,3,20.2,1
131,2,18.9,1
132,0,22.6,1
133,2,24,0
134,0,3.8,1
135,7,5.4,1
136,4,9.5,1
137,10,4.9,1
138,1,24,0
139,1,24,0
140,3,3.3,1
141,3,24,0
142,9,5.8,1
143,2,24,0
144,8,24,0
145,1,24,0
146,4,13.5,1
147,6,24,0
148,1,24,0
149,1,5.2,1
150,1,24,0
151,2,24,0
152,1,24,0
153,2,0.7,1
154,6,24,0
155,5,24,0
156,2,24,0
157,9,3.3,1
158,1,10.9,1
159,2,3.3,1
160,1,24,0
161,0,24,0
162,3,1.9,1
163,4,2.6,1
164,11,22.6,1
165,4,22.9,1
166,4,3.7,1
167,2,7.8,1
168,0,4.5,1
169,2,24,0
170,7,3.7,1
171,0,24,0
172,1,13.6,1
173,2,13.1,1
174,3,24,0
175,1,24,0
176,4,24,0
177,1,12.7,1
178,0,5.6,1
179,2,24,0
180,4,8.1,1
181,4,24,0
182,0,13.2,1
183,0,17.3,1
184,3,24,0
185,8,16.8,1
186,4,24,0
187,1,24,0
188,0,24,0
189,0,24,0
190,2,16.3,1
191,1,4.4,1
192,7,5.3,1
193,1,24,0
194,6,16.6,1
195,2,24,0
196,3,0.7,1
197,2,21.2,1
198,5,0.8,1
199,4,19.7,1
200,1,11.4,1
201,5,24,0
202,3,24,0
203,2,1.8,1
204,2,22.5,1
205,0,24,0
206,0,24,0
207,0,14.4,1
208,4,24,0
209,1,13,1
210,5,18.4,1
211,6,24,0
212,0,21.8,1
213,3,24,0
214,6,24,0
215,2,8.3,1
216,0,13.6,1
217,3,24,0
218,1,21.1,1
219,8,24,0
220,1,21.1,1
221,3,11.4,1
222,8,4.7,1
223,0,24,0
224,3,15.1,1
225,1,5.7,1
226,3,24,0
227,1,24,0
228,11,5.9,1
229,4,3.1,1
230,1,24,0
231,9,0.8,1
232,5,6.8,1
233,1,24,0
234,2,24,0
235,1,24,0
236,3,24,0
237,7,24,0
238,2,24,0
239,7,24,0
240,3,6.7,1
241,0,6.9,1
242,1,24,0
243,6,1.9,1
244,2,24,0
245,4,22.6,1
246,8,24,0
247,3,24,0
248,3,2.2,1
249,2,4.6,1
250,3,0.5,1
251,0,24,0
252,2,24,0
253,5,24,0
254,2,24,0
255,4,16.6,1
256,1,24,0
257,2,24,0
258,8,24,0
259,12,0.2,1
260,3,17.8,1
261,0,24,0
262,4,24,0
263,1,24,0
264,4,24,0
265,6,5.7,1
266,2,24,0
267,4,17,1
268,1,24,0
269,3,9.3,1
270,2,4.6,1
271,3,21.8,1
272,0,24,0
273,2,10.7,1
274,2,21.7,1
275,1,24,0
276,1,24,0
277,3,24,0
278,0,9.9,1
279,6,24,0
280,1,20.7,1
281,0,6.4,1
282,6,13.7,1
283,3,21,1
284,3,8.6,1
285,1,24,0
286,1,24,0
287,8,24,0
288,2,7,1
289,0,6.4,1
290,8,22.9,1
291,4,24,0
292,0,13.3,1
293,0,11,1
294,2,24,0
295,7,0.4,1
296,6,3.2,1
297,3,16.4,1
298,6,16.6,1
299,5,24,0
300,3,24,0
