"age","bmi","sex","smoking_status","region","systolic_bp"
38,24.3,"Female","Never","South",133
42,21.3,"Female","Former","West",118
64,23.7,"Female","Never","West",116
46,23.5,"Female","Never","West",128
47,29.9,"Male","Never","South",108
66,23.3,"Female","Current","East",118
51,25.3,"Female","Never","North",139
30,23.7,"Male","Current","West",123
37,21,"Female","Never","North",131
40,23.8,"Female","Never","South",101
60,29.3,"Male","Former","East",113
49,25.8,"Female","Never","North",119
50,24.6,"Male","Never","North",118
46,23,"Female","Current","East",113
38,17.7,"Female","Former","East",115
66,28.7,"Female","Former","South",104
51,20.2,"Female","Current","West",130
21,25.3,"Male","Former","North",126
53,30.4,"Male","Current","West",101
39,19.6,"Male","Never","East",127
32,25.7,"Female","Current","East",111
42,23.3,"Female","Current","East",128
33,18.9,"Female","Former","West",122
36,19.3,"Female","Never","North",113
37,19,"Male","Never","East",109
25,21.7,"Male","Never","East",117
55,20.4,"Male","Never","North",119
47,26.4,"Male","Current","South",132
31,29.9,"Female","Never","North",94
60,21.1,"Male","Never","South",99
50,26.9,"Female","Former","West",129
41,26.4,"Male","Current","South",133
56,25.8,"Female","Never","North",119
56,21.8,"Male","Former","East",122
55,24.4,"Female","Never","North",124
53,23.8,"Female","Never","South",88
52,26.3,"Female","Current","South",134
44,23.1,"Male","Former","North",110
41,27,"Female","Current","South",125
40,22.9,"Female","Never","North",112
37,27,"Female","Former","West",124
43,21,"Female","Former","North",112
30,19.7,"Male","Current","West",128
71,35.3,"Female","Never","South",111
59,23.7,"Male","Never","South",104
32,24.5,"Female","Former","West",127
40,25.9,"Male","Former","South",122
39,22.5,"Male","Never","West",132
54,26.3,"Male","Never","South",116
44,25.3,"Male","Former","West",126
48,23.8,"Female","Former","East",135
45,24.4,"Female","Current","North",120
44,24.1,"Female","Never","West",102
61,31.4,"Male","Former","North",113
42,21.9,"Male","Former","North",113
63,21.9,"Female","Current","West",125
26,23.4,"Female","Current","North",140
52,25.5,"Female","Never","East",112
46,25.6,"Female","Former","West",119
48,23,"Male","Never","South",113
50,21.3,"Male","Current","North",123
39,27.7,"Male","Current","North",126
41,23,"Female","Never","East",128
33,21.1,"Female","Former","East",116
32,22.9,"Female","Never","North",122
49,23.9,"Male","Never","North",123
50,27.8,"Male","Current","West",132
46,24.6,"Female","Never","South",109
56,27.1,"Female","Former","West",131
70,24,"Male","Never","West",111
39,24.6,"Female","Never","East",114
17,21.9,"Male","Former","West",129
57,25.1,"Female","Never","North",128
36,21.1,"Female","Never","West",104
37,19.9,"Female","Never","North",106
57,30.8,"Male","Former","East",101
42,25.9,"Female","Current","North",125
30,19.7,"Female","Never","West",117
47,22.5,"Female","Never","South",119
43,20.6,"Female","Never","South",121
45,30.8,"Male","Former","East",109
50,28.4,"Female","Former","North",105
41,23.3,"Female","Current","West",133
53,26.3,"Male","Current","West",131
42,22.9,"Female","Current","East",108
49,23,"Female","Former","North",114
58,22.5,"Female","Former","East",106
50,22.7,"Female","Never","East",94
41,29,"Female","Never","North",117
59,24.8,"Male","Never","East",114
57,25.2,"Female","Never","East",114
52,25.3,"Male","Former","East",117
48,28.1,"Female","Former","East",124
37,22.3,"Male","Never","East",117
61,22.1,"Male","Never","South",109
38,28.9,"Female","Former","East",108
71,24.2,"Male","Never","South",114
63,23,"Female","Never","East",118
42,20.4,"Female","Never","West",105
33,19.8,"Male","Never","South",113
36,22.1,"Male","Current","North",133
48,26.3,"Female","Never","West",114
42,27.4,"Male","Never","West",108
41,26.2,"Male","Current","North",120
34,22.6,"Female","Never","East",126
44,24.4,"Male","Former","West",121
36,21.7,"Male","Former","West",127
25,21.1,"Female","Never","North",116
40,26.7,"Female","Never","South",119
56,21.8,"Male","Never","North",109
38,29.8,"Male","Former","South",121
52,24.3,"Female","Former","West",110
26,23.9,"Male","Former","South",101
44,22,"Female","Former","North",116
51,22.8,"Male","Never","North",134
49,20.5,"Female","Never","West",123
46,23.8,"Male","Never","South",127
37,25.1,"Male","Never","West",119
35,24.7,"Female","Current","East",117
33,21.3,"Female","Never","North",113
